,date,# of trips
0,2012-07-30,77
1,2012-07-31,146
2,2012-08-01,157
3,2012-08-02,231
4,2012-08-03,220
5,2012-08-04,433
6,2012-08-05,347
7,2012-08-06,339
8,2012-08-07,353
9,2012-08-08,378
10,2012-08-09,350
11,2012-08-10,279
12,2012-08-11,462
13,2012-08-12,458
14,2012-08-13,404
15,2012-08-14,462
16,2012-08-15,376
17,2012-08-16,495
18,2012-08-17,510
19,2012-08-18,372
20,2012-08-19,648
21,2012-08-20,542
22,2012-08-21,580
23,2012-08-22,590
24,2012-08-23,512
25,2012-08-24,576
26,2012-08-25,827
27,2012-08-26,684
28,2012-08-27,480
29,2012-08-28,453
30,2012-08-29,584
31,2012-08-30,625
32,2012-08-31,575
33,2012-09-01,796
34,2012-09-02,927
35,2012-09-03,817
36,2012-09-04,376
37,2012-09-05,510
38,2012-09-06,656
39,2012-09-07,636
40,2012-09-08,628
41,2012-09-09,642
42,2012-09-10,689
43,2012-09-11,711
44,2012-09-12,772
45,2012-09-13,844
46,2012-09-14,936
47,2012-09-15,957
48,2012-09-16,899
49,2012-09-17,740
50,2012-09-18,678
51,2012-09-19,803
52,2012-09-20,843
53,2012-09-21,760
54,2012-09-22,930
55,2012-09-23,875
56,2012-09-24,754
57,2012-09-25,840
58,2012-09-26,786
59,2012-09-27,829
60,2012-09-28,283
61,2012-09-29,564
62,2012-09-30,415
63,2012-10-01,740
64,2012-10-02,666
65,2012-10-03,690
66,2012-10-04,699
67,2012-10-05,1063
68,2012-10-06,929
69,2012-10-07,712
70,2012-10-08,664
71,2012-10-09,738
72,2012-10-10,533
73,2012-10-11,840
74,2012-10-12,644
75,2012-10-13,682
76,2012-10-14,497
77,2012-10-15,825
78,2012-10-16,743
79,2012-10-17,806
80,2012-10-18,948
81,2012-10-19,678
82,2012-10-20,1363
83,2012-10-21,1080
84,2012-10-22,863
85,2012-10-23,882
86,2012-10-24,815
87,2012-10-25,919
88,2012-10-26,1047
89,2012-10-27,913
90,2012-10-28,396
91,2012-10-29,22
92,2012-10-30,329
93,2012-10-31,747
94,2012-11-01,856
95,2012-11-02,738
96,2012-11-03,891
97,2012-11-04,733
98,2012-11-05,671
99,2012-11-06,655
100,2012-11-07,376
101,2012-11-08,256
102,2012-11-09,667
103,2012-11-10,804
104,2012-11-11,825
105,2012-11-12,772
106,2012-11-13,421
107,2012-11-14,692
108,2012-11-15,621
109,2012-11-16,665
110,2012-11-17,693
111,2012-11-18,595
112,2012-11-19,575
113,2012-11-20,649
114,2012-11-21,507
115,2012-11-22,281
116,2012-11-23,435
117,2012-11-24,270
118,2012-11-25,173
119,2012-11-26,372
120,2012-11-27,220
121,2012-11-28,257
122,2013-04-02,289
123,2013-04-03,379
124,2013-04-04,535
125,2013-04-05,634
126,2013-04-06,514
127,2013-04-07,483
128,2013-04-08,778
129,2013-04-09,800
130,2013-04-10,761
131,2013-04-11,725
132,2013-04-12,318
133,2013-04-13,778
134,2013-04-14,733
135,2013-04-15,874
136,2013-04-16,918
137,2013-04-17,1063
138,2013-04-18,974
139,2013-04-19,120
140,2013-04-20,689
141,2013-04-21,889
142,2013-04-22,881
143,2013-04-23,430
144,2013-04-24,981
145,2013-04-25,1024
146,2013-04-26,1067
147,2013-04-27,1259
148,2013-04-28,1148
149,2013-04-29,1133
150,2013-04-30,1118
151,2013-05-01,1084
152,2013-05-02,1145
153,2013-05-03,1190
154,2013-05-04,1168
155,2013-05-05,1061
156,2013-05-06,1041
157,2013-05-07,1283
158,2013-05-08,1056
159,2013-05-09,698
160,2013-05-10,1500
161,2013-05-11,823
162,2013-05-12,837
163,2013-05-13,1200
164,2013-05-14,1141
165,2013-05-15,1080
166,2013-05-16,1348
167,2013-05-17,1363
168,2013-05-18,1319
169,2013-05-19,993
170,2013-05-20,1087
171,2013-05-21,1123
172,2013-05-22,1152
173,2013-05-23,1118
174,2013-05-24,708
175,2013-05-25,325
176,2013-05-26,651
177,2013-05-27,1199
178,2013-05-28,1413
179,2013-05-29,893
180,2013-05-30,1308
181,2013-05-31,1250
182,2013-06-01,1081
183,2013-06-02,1062
184,2013-06-03,906
185,2013-06-04,1462
186,2013-06-05,1529
187,2013-06-06,1453
188,2013-06-07,217
189,2013-06-08,1076
190,2013-06-09,1451
191,2013-06-10,1042
192,2013-06-11,779
193,2013-06-12,1316
194,2013-06-13,796
195,2013-06-14,1024
196,2013-06-15,1446
197,2013-06-16,1104
198,2013-06-17,1159
199,2013-06-18,1125
200,2013-06-19,1731
201,2013-06-20,1722
202,2013-06-21,1710
203,2013-06-22,1429
204,2013-06-23,1500
205,2013-06-24,1437
206,2013-06-25,1550
207,2013-06-26,1398
208,2013-06-27,1401
209,2013-06-28,1437
210,2013-06-29,1471
211,2013-06-30,1482
212,2013-07-01,1456
213,2013-07-02,1570
214,2013-07-03,1739
215,2013-07-04,1505
216,2013-07-05,1385
217,2013-07-06,1296
218,2013-07-07,1058
219,2013-07-08,1589
220,2013-07-09,1693
221,2013-07-10,1531
222,2013-07-11,1605
223,2013-07-12,1840
224,2013-07-13,1580
225,2013-07-14,1510
226,2013-07-15,1698
227,2013-07-16,1692
228,2013-07-17,1721
229,2013-07-18,1715
230,2013-07-19,1468
231,2013-07-20,1296
232,2013-07-21,1550
233,2013-07-22,1800
234,2013-07-23,1023
235,2013-07-24,1878
236,2013-07-25,1305
237,2013-07-26,1015
238,2013-07-27,1597
239,2013-07-28,1493
240,2013-07-29,1698
241,2013-07-30,2043
242,2013-07-31,2005
243,2013-08-01,1787
244,2013-08-02,1682
245,2013-08-03,1812
246,2013-08-04,1784
247,2013-08-05,1885
248,2013-08-06,1947
249,2013-08-07,1935
250,2013-08-08,1989
251,2013-08-09,724
252,2013-08-10,1963
253,2013-08-11,1771
254,2013-08-12,1857
255,2013-08-13,1858
256,2013-08-14,1999
257,2013-08-15,2131
258,2013-08-16,2008
259,2013-08-17,1681
260,2013-08-18,1624
261,2013-08-19,1976
262,2013-08-20,1986
263,2013-08-21,1940
264,2013-08-22,1907
265,2013-08-23,1949
266,2013-08-24,1864
267,2013-08-25,1758
268,2013-08-26,1801
269,2013-08-27,2009
270,2013-08-28,2151
271,2013-08-29,1810
272,2013-08-30,2181
273,2013-08-31,1396
274,2013-09-01,1056
275,2013-09-02,1494
276,2013-09-03,2029
277,2013-09-04,2159
278,2013-09-05,1940
279,2013-09-06,2187
280,2013-09-07,1900
281,2013-09-08,1658
282,2013-09-09,2077
283,2013-09-10,1965
284,2013-09-11,2076
285,2013-09-12,2129
286,2013-09-13,1760
287,2013-09-14,1892
288,2013-09-15,2054
289,2013-09-16,2023
290,2013-09-17,2302
291,2013-09-18,2217
292,2013-09-19,2347
293,2013-09-20,2397
294,2013-09-21,1924
295,2013-09-22,1623
296,2013-09-23,2026
297,2013-09-24,2092
298,2013-09-25,2128
299,2013-09-26,2312
300,2013-09-27,2245
301,2013-09-28,2016
302,2013-09-29,1658
303,2013-09-30,1998
304,2013-10-01,2352
305,2013-10-02,2403
306,2013-10-03,2394
307,2013-10-04,2148
308,2013-10-05,1912
309,2013-10-06,780
310,2013-10-07,1940
311,2013-10-08,2213
312,2013-10-09,2137
313,2013-10-10,2203
314,2013-10-11,2139
315,2013-10-12,1325
316,2013-10-13,1731
317,2013-10-14,1729
318,2013-10-15,2123
319,2013-10-16,2077
320,2013-10-17,2212
321,2013-10-18,2442
322,2013-10-19,2441
323,2013-10-20,2016
324,2013-10-21,2122
325,2013-10-22,2192
326,2013-10-23,2099
327,2013-10-24,2023
328,2013-10-25,1826
329,2013-10-26,1444
330,2013-10-27,1336
331,2013-10-28,1751
332,2013-10-29,1769
333,2013-10-30,1628
334,2013-10-31,1769
335,2013-11-01,1787
336,2013-11-02,1946
337,2013-11-03,968
338,2013-11-04,1539
339,2013-11-05,1618
340,2013-11-06,1818
341,2013-11-07,1219
342,2013-11-08,1613
343,2013-11-09,1017
344,2013-11-10,1103
345,2013-11-11,1313
346,2013-11-12,1121
347,2013-11-13,1226
348,2013-11-14,1447
349,2013-11-15,1655
350,2013-11-16,1402
351,2013-11-17,1044
352,2013-11-18,1455
353,2013-11-19,1261
354,2013-11-20,1190
355,2013-11-21,1350
356,2013-11-22,868
357,2013-11-23,825
358,2013-11-24,440
359,2013-11-25,792
360,2013-11-26,782
361,2013-11-27,211
362,2013-11-28,161
363,2013-11-29,237
364,2013-11-30,252
365,2013-12-01,165
366,2013-12-02,550
367,2013-12-03,678
368,2013-12-04,655
369,2013-12-05,656
370,2013-12-06,550
371,2013-12-07,381
372,2013-12-08,332
373,2013-12-09,232
374,2013-12-10,385
375,2013-12-11,457
376,2013-12-12,444
377,2013-12-13,388
378,2013-12-14,96
379,2013-12-16,95
380,2013-12-17,110
381,2013-12-18,188
382,2013-12-19,252
383,2013-12-20,265
384,2013-12-21,223
385,2013-12-22,114
386,2013-12-23,82
387,2013-12-24,104
388,2013-12-25,39
389,2013-12-26,61
390,2013-12-27,100
391,2013-12-28,154
392,2013-12-29,91
393,2013-12-30,170
394,2013-12-31,134
395,2014-01-01,38
396,2014-01-04,48
397,2014-01-05,87
398,2014-01-06,161
399,2014-01-07,147
400,2014-01-08,179
401,2014-01-09,272
402,2014-01-10,220
403,2014-01-11,135
404,2014-01-12,196
405,2014-01-13,408
406,2014-01-14,209
407,2014-01-15,409
408,2014-01-16,411
409,2014-01-17,458
410,2014-01-18,99
411,2014-01-19,142
412,2014-01-20,291
413,2014-01-21,124
414,2014-01-22,79
415,2014-01-23,220
416,2014-01-24,219
417,2014-01-25,160
418,2014-01-26,158
419,2014-01-27,316
420,2014-01-28,270
421,2014-01-29,352
422,2014-01-30,353
423,2014-01-31,416
424,2014-02-01,267
425,2014-02-02,314
426,2014-02-03,264
427,2014-02-04,288
428,2014-02-06,147
429,2014-02-07,270
430,2014-02-08,178
431,2014-02-09,202
432,2014-02-10,315
433,2014-02-11,337
434,2014-02-12,328
435,2014-02-13,117
436,2014-02-14,237
437,2014-02-15,76
438,2014-02-16,88
439,2014-02-17,179
440,2014-02-18,194
441,2014-02-19,250
442,2014-02-20,356
443,2014-02-21,233
444,2014-02-22,317
445,2014-02-23,288
446,2014-02-24,322
447,2014-02-25,344
448,2014-02-26,364
449,2014-02-27,352
450,2014-02-28,340
451,2014-03-01,267
452,2014-03-02,277
453,2014-03-03,339
454,2014-03-04,382
455,2014-03-05,367
456,2014-03-06,358
457,2014-03-07,413
458,2014-03-08,388
459,2014-03-09,295
460,2014-03-10,435
461,2014-03-11,618
462,2014-03-12,414
463,2014-03-13,285
464,2014-03-14,421
465,2014-03-15,420
466,2014-03-16,236
467,2014-03-17,327
468,2014-03-18,401
469,2014-03-19,421
470,2014-03-20,468
471,2014-03-21,384
472,2014-03-22,363
473,2014-03-23,307
474,2014-03-24,343
475,2014-03-25,416
476,2014-03-26,357
477,2014-03-27,446
478,2014-03-28,436
479,2014-03-29,217
480,2014-03-30,120
481,2014-03-31,340
482,2014-04-01,656
483,2014-04-02,1198
484,2014-04-03,1233
485,2014-04-04,1069
486,2014-04-05,943
487,2014-04-06,1160
488,2014-04-07,1391
489,2014-04-08,1194
490,2014-04-09,1507
491,2014-04-10,1619
492,2014-04-11,1498
493,2014-04-12,1835
494,2014-04-13,1277
495,2014-04-14,1707
496,2014-04-15,895
497,2014-04-16,1241
498,2014-04-17,1252
499,2014-04-18,1250
500,2014-04-19,1646
501,2014-04-20,1281
502,2014-04-21,1864
503,2014-04-22,1821
504,2014-04-23,1181
505,2014-04-24,1546
506,2014-04-25,1889
507,2014-04-26,695
508,2014-04-27,1035
509,2014-04-28,1652
510,2014-04-29,1384
511,2014-04-30,915
512,2014-05-01,1343
513,2014-05-02,2103
514,2014-05-03,1871
515,2014-05-04,1431
516,2014-05-05,1798
517,2014-05-06,1839
518,2014-05-07,1985
519,2014-05-08,2153
520,2014-05-09,1712
521,2014-05-10,1324
522,2014-05-11,1833
523,2014-05-12,2060
524,2014-05-13,1891
525,2014-05-14,2129
526,2014-05-15,2172
527,2014-05-16,1804
528,2014-05-17,2027
529,2014-05-18,1672
530,2014-05-19,1735
531,2014-05-20,2187
532,2014-05-21,2298
533,2014-05-22,1805
534,2014-05-23,1729
535,2014-05-24,1442
536,2014-05-25,1862
537,2014-05-26,1726
538,2014-05-27,1695
539,2014-05-28,1244
540,2014-05-29,2025
541,2014-05-30,1854
542,2014-05-31,1829
543,2014-06-01,1863
544,2014-06-02,2131
545,2014-06-03,2323
546,2014-06-04,1804
547,2014-06-05,1011
548,2014-06-06,2224
549,2014-06-07,2087
550,2014-06-08,1837
551,2014-06-09,2025
552,2014-06-10,1929
553,2014-06-11,2367
554,2014-06-12,2003
555,2014-06-13,1024
556,2014-06-14,1647
557,2014-06-15,1903
558,2014-06-16,2279
559,2014-06-17,2178
560,2014-06-18,2203
561,2014-06-19,2293
562,2014-06-20,2400
563,2014-06-21,1974
564,2014-06-22,2026
565,2014-06-23,2419
566,2014-06-24,2386
567,2014-06-25,2243
568,2014-06-26,2109
569,2014-06-27,2410
570,2014-06-28,1942
571,2014-06-29,1948
572,2014-06-30,2310
573,2014-07-01,2283
574,2014-07-02,2108
575,2014-07-03,2246
576,2014-07-04,445
577,2014-07-05,1894
578,2014-07-06,1900
579,2014-07-07,2139
580,2014-07-08,2379
581,2014-07-09,2518
582,2014-07-10,2601
583,2014-07-11,2656
584,2014-07-12,2228
585,2014-07-13,1979
586,2014-07-14,1798
587,2014-07-15,2314
588,2014-07-16,1721
589,2014-07-17,2745
590,2014-07-18,2761
591,2014-07-19,2248
592,2014-07-20,2151
593,2014-07-21,2612
594,2014-07-22,2681
595,2014-07-23,2624
596,2014-07-24,2677
597,2014-07-25,2762
598,2014-07-26,2267
599,2014-07-27,1220
600,2014-07-28,2141
601,2014-07-29,2674
602,2014-07-30,2794
603,2014-07-31,2651
604,2014-08-01,2449
605,2014-08-02,1488
606,2014-08-03,1957
607,2014-08-04,2419
608,2014-08-05,2622
609,2014-08-06,2715
610,2014-08-07,2314
611,2014-08-08,2631
612,2014-08-09,2248
613,2014-08-10,2009
614,2014-08-11,2569
615,2014-08-12,2690
616,2014-08-13,765
617,2014-08-14,2606
618,2014-08-15,2396
619,2014-08-16,1948
620,2014-08-17,1928
621,2014-08-18,2503
622,2014-08-19,2576
623,2014-08-20,2667
624,2014-08-21,2445
625,2014-08-22,2334
626,2014-08-23,1916
627,2014-08-24,2122
628,2014-08-25,2393
629,2014-08-26,2524
630,2014-08-27,2350
631,2014-08-28,2539
632,2014-08-29,2373
633,2014-08-30,1971
634,2014-08-31,1847
635,2014-09-01,1779
636,2014-09-02,2215
637,2014-09-03,2586
638,2014-09-04,2728
639,2014-09-05,2690
640,2014-09-06,1982
641,2014-09-07,2351
642,2014-09-08,2700
643,2014-09-09,2778
644,2014-09-10,2760
645,2014-09-11,2661
646,2014-09-12,2807
647,2014-09-13,1812
648,2014-09-14,2216
649,2014-09-15,2625
650,2014-09-16,2611
651,2014-09-17,2799
652,2014-09-18,2788
653,2014-09-19,2603
654,2014-09-20,2152
655,2014-09-21,1886
656,2014-09-22,2631
657,2014-09-23,2668
658,2014-09-24,2494
659,2014-09-25,2302
660,2014-09-26,2712
661,2014-09-27,2361
662,2014-09-28,2127
663,2014-09-29,2517
664,2014-09-30,1767
665,2014-10-01,1265
666,2014-10-02,1862
667,2014-10-03,2211
668,2014-10-04,1249
669,2014-10-05,1851
670,2014-10-06,2379
671,2014-10-07,2396
672,2014-10-08,2551
673,2014-10-09,2536
674,2014-10-10,2464
675,2014-10-11,835
676,2014-10-12,1770
677,2014-10-13,1767
678,2014-10-14,2462
679,2014-10-15,2664
680,2014-10-16,1496
681,2014-10-17,2647
682,2014-10-18,2424
683,2014-10-19,1895
684,2014-10-20,2175
685,2014-10-21,2344
686,2014-10-22,1005
687,2014-10-23,966
688,2014-10-24,1906
689,2014-10-25,2012
690,2014-10-26,1439
691,2014-10-27,2227
692,2014-10-28,2406
693,2014-10-29,2334
694,2014-10-30,2353
695,2014-10-31,2149
696,2014-11-01,511
697,2014-11-02,436
698,2014-11-03,1746
699,2014-11-04,2004
700,2014-11-05,2160
701,2014-11-06,1172
702,2014-11-07,1687
703,2014-11-08,1266
704,2014-11-09,1394
705,2014-11-10,1971
706,2014-11-11,1987
707,2014-11-12,2011
708,2014-11-13,1924
709,2014-11-14,1658
710,2014-11-15,1075
711,2014-11-16,979
712,2014-11-17,507
713,2014-11-18,1321
714,2014-11-19,1268
715,2014-11-20,1489
716,2014-11-21,1258
717,2014-11-22,788
718,2014-11-23,1118
719,2014-11-24,1060
720,2014-11-25,1570
721,2014-11-26,391
722,2014-11-27,196
723,2014-11-28,278
724,2014-11-29,367
725,2014-11-30,615
726,2014-12-01,1316
727,2014-12-02,1043
728,2014-12-03,877
729,2014-12-04,1133
730,2014-12-05,933
731,2014-12-06,260
732,2014-12-07,505
733,2014-12-08,736
734,2014-12-09,160
735,2014-12-10,616
736,2014-12-11,770
737,2014-12-12,863
738,2014-12-13,567
739,2014-12-14,535
740,2014-12-15,943
741,2014-12-16,952
742,2014-12-17,787
743,2014-12-18,818
744,2014-12-19,760
745,2014-12-20,341
746,2014-12-21,259
747,2014-12-22,589
748,2014-12-23,324
749,2014-12-24,167
750,2014-12-25,145
751,2014-12-26,311
752,2014-12-27,386
753,2014-12-28,269
754,2014-12-29,499
755,2014-12-30,367
756,2014-12-31,276
757,2015-01-01,127
758,2015-01-02,213
759,2015-01-03,142
760,2015-01-04,112
761,2015-01-05,337
762,2015-01-06,267
763,2015-01-07,296
764,2015-01-08,247
765,2015-01-09,275
766,2015-01-10,162
767,2015-01-11,134
768,2015-01-12,279
769,2015-01-13,387
770,2015-01-14,379
771,2015-01-15,287
772,2015-01-16,345
773,2015-01-17,171
774,2015-01-18,244
775,2015-01-19,330
776,2015-01-20,490
777,2015-01-21,450
778,2015-01-22,511
779,2015-01-23,523
780,2015-01-24,60
781,2015-01-25,163
782,2015-01-26,271
783,2015-01-28,53
784,2015-01-29,246
785,2015-01-30,233
786,2015-01-31,106
787,2015-02-01,149
788,2015-02-02,7
789,2015-02-03,81
790,2015-02-04,208
791,2015-02-05,161
792,2015-02-06,210
793,2015-02-07,142
794,2015-02-08,53
795,2015-02-10,29
796,2015-02-11,161
797,2015-02-12,171
798,2015-02-13,173
799,2015-02-14,64
800,2015-02-16,11
801,2015-02-17,105
802,2015-02-18,199
803,2015-02-19,170
804,2015-02-20,191
805,2015-02-21,102
806,2015-02-22,132
807,2015-02-23,237
808,2015-02-24,233
809,2015-02-25,299
810,2015-02-26,268
811,2015-02-27,289
812,2015-02-28,175
813,2015-03-01,12
814,2015-03-02,289
815,2015-03-03,298
816,2015-03-04,287
817,2015-03-05,367
818,2015-03-06,382
819,2015-03-07,221
820,2015-03-08,194
821,2015-03-09,491
822,2015-03-10,541
823,2015-03-11,612
824,2015-03-12,489
825,2015-03-13,524
826,2015-03-14,100
827,2015-03-15,128
828,2015-03-16,482
829,2015-03-17,342
830,2015-03-18,339
831,2015-03-19,351
832,2015-03-20,368
833,2015-03-21,191
834,2015-03-22,199
835,2015-03-23,397
836,2015-03-24,463
837,2015-03-25,553
838,2015-03-26,385
839,2015-03-27,483
840,2015-03-28,163
841,2015-03-29,349
842,2015-03-30,579
843,2015-03-31,688
844,2015-04-01,750
845,2015-04-02,748
846,2015-04-03,663
847,2015-04-04,489
848,2015-04-05,373
849,2015-04-06,625
850,2015-04-07,586
851,2015-04-08,503
852,2015-04-09,426
853,2015-04-10,623
854,2015-04-11,673
855,2015-04-12,993
856,2015-04-13,942
857,2015-04-14,804
858,2015-04-15,913
859,2015-04-16,803
860,2015-04-17,1227
861,2015-04-18,1496
862,2015-04-19,1375
863,2015-04-20,589
864,2015-04-21,1520
865,2015-04-22,1792
866,2015-04-23,1519
867,2015-04-24,1479
868,2015-04-25,1381
869,2015-04-26,1146
870,2015-04-27,1501
871,2015-04-28,1649
872,2015-04-29,1873
873,2015-04-30,1862
874,2015-05-01,1819
875,2015-05-02,1652
876,2015-05-03,1833
877,2015-05-04,2122
878,2015-05-05,1825
879,2015-05-06,2167
880,2015-05-07,2230
881,2015-05-08,2159
882,2015-05-09,1977
883,2015-05-10,1837
884,2015-05-11,1942
885,2015-05-12,2051
886,2015-05-13,2281
887,2015-05-14,2339
888,2015-05-15,2324
889,2015-05-16,1688
890,2015-05-17,1929
891,2015-05-18,1944
892,2015-05-19,1350
893,2015-05-20,1812
894,2015-05-21,2106
895,2015-05-22,2085
896,2015-05-23,1484
897,2015-05-24,1810
898,2015-05-25,1707
899,2015-05-26,2162
900,2015-05-27,2234
901,2015-05-28,2050
902,2015-05-29,2359
903,2015-05-30,1918
904,2015-05-31,635
905,2015-06-01,601
906,2015-06-02,878
907,2015-06-03,1826
908,2015-06-04,2067
909,2015-06-05,2194
910,2015-06-06,1687
911,2015-06-07,1803
912,2015-06-08,1925
913,2015-06-09,1991
914,2015-06-10,2120
915,2015-06-11,2242
916,2015-06-12,2266
917,2015-06-13,2092
918,2015-06-14,1985
919,2015-06-15,617
920,2015-06-16,1985
921,2015-06-17,2273
922,2015-06-18,2229
923,2015-06-19,2158
924,2015-06-20,1866
925,2015-06-21,699
926,2015-06-22,2212
927,2015-06-23,2110
928,2015-06-24,2544
929,2015-06-25,2460
930,2015-06-26,2370
931,2015-06-27,1792
932,2015-06-28,441
933,2015-06-29,2043
934,2015-06-30,2474
935,2015-07-01,1695
936,2015-07-02,2435
937,2015-07-03,2082
938,2015-07-04,2158
939,2015-07-05,1853
940,2015-07-06,2447
941,2015-07-07,2414
942,2015-07-08,2515
943,2015-07-09,2463
944,2015-07-10,2269
945,2015-07-11,1983
946,2015-07-12,1661
947,2015-07-13,2438
948,2015-07-14,2554
949,2015-07-15,2352
950,2015-07-16,2608
951,2015-07-17,2457
952,2015-07-18,1861
953,2015-07-19,1771
954,2015-07-20,2175
955,2015-07-21,2554
956,2015-07-22,2595
957,2015-07-23,2519
958,2015-07-24,2376
959,2015-07-25,2006
960,2015-07-26,1826
961,2015-07-27,2397
962,2015-07-28,2533
963,2015-07-29,2493
964,2015-07-30,2094
965,2015-07-31,2387
966,2015-08-01,1767
967,2015-08-02,2122
968,2015-08-03,2442
969,2015-08-04,2193
970,2015-08-05,2659
971,2015-08-06,2601
972,2015-08-07,2609
973,2015-08-08,2065
974,2015-08-09,1932
975,2015-08-10,2415
976,2015-08-11,1408
977,2015-08-12,2469
978,2015-08-13,2264
979,2015-08-14,2492
980,2015-08-15,1689
981,2015-08-16,1833
982,2015-08-17,2011
983,2015-08-18,2173
984,2015-08-19,2341
985,2015-08-20,2367
986,2015-08-21,1636
987,2015-08-22,1743
988,2015-08-23,1269
989,2015-08-24,2195
990,2015-08-25,2285
991,2015-08-26,2270
992,2015-08-27,2252
993,2015-08-28,2076
994,2015-08-29,1667
995,2015-08-30,1755
996,2015-08-31,2172
997,2015-09-01,2392
998,2015-09-02,2271
999,2015-09-03,2382
1000,2015-09-04,2371
1001,2015-09-05,1879
1002,2015-09-06,1818
1003,2015-09-07,1746
1004,2015-09-08,2376
1005,2015-09-09,2301
1006,2015-09-10,1866
1007,2015-09-11,1791
1008,2015-09-12,1793
1009,2015-09-13,1181
1010,2015-09-14,2112
1011,2015-09-15,2494
1012,2015-09-16,2495
1013,2015-09-17,2549
1014,2015-09-18,2482
1015,2015-09-19,2051
1016,2015-09-20,1903
1017,2015-09-21,2352
1018,2015-09-22,2284
1019,2015-09-23,2470
1020,2015-09-24,2596
1021,2015-09-25,2386
1022,2015-09-26,1983
1023,2015-09-27,1777
1024,2015-09-28,2254
1025,2015-09-29,2275
1026,2015-09-30,1113
1027,2015-10-01,2064
1028,2015-10-02,1291
1029,2015-10-03,1012
1030,2015-10-04,1284
1031,2015-10-05,1965
1032,2015-10-06,2180
1033,2015-10-07,2144
1034,2015-10-08,2234
1035,2015-10-09,1568
1036,2015-10-10,1560
1037,2015-10-11,1825
1038,2015-10-12,1972
1039,2015-10-13,1795
1040,2015-10-14,2299
1041,2015-10-15,2328
1042,2015-10-16,2142
1043,2015-10-17,1782
1044,2015-10-18,1211
1045,2015-10-19,1655
1046,2015-10-20,1996
1047,2015-10-21,1931
1048,2015-10-22,2190
1049,2015-10-23,1929
1050,2015-10-24,1161
1051,2015-10-25,1144
1052,2015-10-26,1782
1053,2015-10-27,1847
1054,2015-10-28,1235
1055,2015-10-29,1805
1056,2015-10-30,1879
1057,2015-10-31,1313
1058,2015-11-01,1208
1059,2015-11-02,1833
1060,2015-11-03,2052
1061,2015-11-04,1969
1062,2015-11-05,2169
1063,2015-11-06,2161
1064,2015-11-07,1514
1065,2015-11-08,1310
1066,2015-11-09,1849
1067,2015-11-10,1835
1068,2015-11-11,976
1069,2015-11-12,1526
1070,2015-11-13,1816
1071,2015-11-14,945
1072,2015-11-15,1084
1073,2015-11-16,1718
1074,2015-11-17,1667
1075,2015-11-18,1673
1076,2015-11-19,1575
1077,2015-11-20,1563
1078,2015-11-21,1055
1079,2015-11-22,661
1080,2015-11-23,1331
1081,2015-11-24,1275
1082,2015-11-25,1101
1083,2015-11-26,539
1084,2015-11-27,828
1085,2015-11-28,364
1086,2015-11-29,668
1087,2015-11-30,1168
1088,2015-12-01,1136
1089,2015-12-02,881
1090,2015-12-03,1391
1091,2015-12-04,1292
1092,2015-12-05,884
1093,2015-12-06,867
1094,2015-12-07,1360
1095,2015-12-08,1220
1096,2015-12-09,1344
1097,2015-12-10,1393
1098,2015-12-11,1409
1099,2015-12-12,1038
1100,2015-12-13,897
1101,2015-12-14,1174
1102,2015-12-15,1277
1103,2015-12-16,1234
1104,2015-12-17,783
1105,2015-12-18,1047
1106,2015-12-19,511
1107,2015-12-20,466
1108,2015-12-21,919
1109,2015-12-22,525
1110,2015-12-23,624
1111,2015-12-24,453
1112,2015-12-25,540
1113,2015-12-26,320
1114,2015-12-27,299
1115,2015-12-28,502
1116,2015-12-29,109
1117,2015-12-30,248
1118,2015-12-31,310
1119,2016-01-01,222
1120,2016-01-02,221
1121,2016-01-03,245
1122,2016-01-04,277
1123,2016-01-05,324
1124,2016-01-06,460
1125,2016-01-07,534
1126,2016-01-08,538
1127,2016-01-09,327
1128,2016-01-10,121
1129,2016-01-11,492
1130,2016-01-12,488
1131,2016-01-13,427
1132,2016-01-14,469
1133,2016-01-15,520
1134,2016-01-16,260
1135,2016-01-17,269
1136,2016-01-18,201
1137,2016-01-19,292
1138,2016-01-20,420
1139,2016-01-21,410
1140,2016-01-22,425
1141,2016-01-23,159
1142,2016-01-24,193
1143,2016-01-25,463
1144,2016-01-26,568
1145,2016-01-27,620
1146,2016-01-28,617
1147,2016-01-29,600
1148,2016-01-30,438
1149,2016-01-31,431
1150,2016-02-01,851
1151,2016-02-02,816
1152,2016-02-03,565
1153,2016-02-04,802
1154,2016-02-05,133
1155,2016-02-06,258
1156,2016-02-07,316
1157,2016-02-08,117
1158,2016-02-09,374
1159,2016-02-10,473
1160,2016-02-11,515
1161,2016-02-12,416
1162,2016-02-13,171
1163,2016-02-14,95
1164,2016-02-15,201
1165,2016-02-16,381
1166,2016-02-17,666
1167,2016-02-18,617
1168,2016-02-19,605
1169,2016-02-20,614
1170,2016-02-21,540
1171,2016-02-22,746
1172,2016-02-23,701
1173,2016-02-24,378
1174,2016-02-25,725
1175,2016-02-26,644
1176,2016-02-27,462
1177,2016-02-28,630
1178,2016-02-29,819
1179,2016-03-01,819
1180,2016-03-02,560
1181,2016-03-03,712
1182,2016-03-04,598
1183,2016-03-05,577
1184,2016-03-06,543
1185,2016-03-07,843
1186,2016-03-08,998
1187,2016-03-09,1276
1188,2016-03-10,665
1189,2016-03-11,975
1190,2016-03-12,999
1191,2016-03-13,970
1192,2016-03-14,681
1193,2016-03-15,371
1194,2016-03-16,1017
1195,2016-03-17,990
1196,2016-03-18,954
1197,2016-03-19,722
1198,2016-03-20,454
1199,2016-03-21,542
1200,2016-03-22,939
1201,2016-03-23,1170
1202,2016-03-24,971
1203,2016-03-25,694
1204,2016-03-26,819
1205,2016-03-27,652
1206,2016-03-28,566
1207,2016-03-29,1147
1208,2016-03-30,1392
1209,2016-03-31,1576
1210,2016-04-01,1619
1211,2016-04-02,584
1212,2016-04-03,516
1213,2016-04-04,278
1214,2016-04-05,789
1215,2016-04-06,1160
1216,2016-04-07,789
1217,2016-04-08,1314
1218,2016-04-09,1037
1219,2016-04-10,1088
1220,2016-04-11,1250
1221,2016-04-12,1305
1222,2016-04-13,1694
1223,2016-04-14,1700
1224,2016-04-15,1798
1225,2016-04-16,1456
1226,2016-04-17,1832
1227,2016-04-18,1797
1228,2016-04-19,1649
1229,2016-04-20,1895
1230,2016-04-21,2304
1231,2016-04-22,1995
1232,2016-04-23,1536
1233,2016-04-24,1597
1234,2016-04-25,1894
1235,2016-04-26,1282
1236,2016-04-27,2058
1237,2016-04-28,1992
1238,2016-04-29,2050
1239,2016-04-30,1747
1240,2016-05-01,991
1241,2016-05-02,1062
1242,2016-05-03,1211
1243,2016-05-04,1373
1244,2016-05-05,1203
1245,2016-05-06,1745
1246,2016-05-07,1126
1247,2016-05-08,1058
1248,2016-05-09,1680
1249,2016-05-10,2148
1250,2016-05-11,2279
1251,2016-05-12,2469
1252,2016-05-13,2047
1253,2016-05-14,2094
1254,2016-05-15,1448
1255,2016-05-16,1820
1256,2016-05-17,2342
1257,2016-05-18,2382
1258,2016-05-19,2284
1259,2016-05-20,2306
1260,2016-05-21,2051
1261,2016-05-22,1542
1262,2016-05-23,2239
1263,2016-05-24,1759
1264,2016-05-25,2487
1265,2016-05-26,2456
1266,2016-05-27,2311
1267,2016-05-28,1846
1268,2016-05-29,1600
1269,2016-05-30,1221
1270,2016-05-31,2511
1271,2016-06-01,2413
1272,2016-06-02,2204
1273,2016-06-03,2137
1274,2016-06-04,2182
1275,2016-06-05,767
1276,2016-06-06,2480
1277,2016-06-07,2327
1278,2016-06-08,2333
1279,2016-06-09,2394
1280,2016-06-10,2473
1281,2016-06-11,1513
1282,2016-06-12,1870
1283,2016-06-13,2329
1284,2016-06-14,2445
1285,2016-06-15,2559
1286,2016-06-16,2750
1287,2016-06-17,2758
1288,2016-06-18,2155
1289,2016-06-19,2196
1290,2016-06-20,2707
1291,2016-06-21,2787
1292,2016-06-22,2745
1293,2016-06-23,2842
1294,2016-06-24,2851
1295,2016-06-25,2285
1296,2016-06-26,2016
1297,2016-06-27,2577
1298,2016-06-28,2156
1299,2016-06-29,2415
1300,2016-06-30,2710
1301,2016-07-01,2399
1302,2016-07-02,2105
1303,2016-07-03,2100
1304,2016-07-04,2422
1305,2016-07-05,2058
1306,2016-07-06,2616
1307,2016-07-07,2607
1308,2016-07-08,2438
1309,2016-07-09,1797
1310,2016-07-10,1548
1311,2016-07-11,2765
1312,2016-07-12,2835
1313,2016-07-13,2506
1314,2016-07-14,2534
1315,2016-07-15,2432
1316,2016-07-16,2050
1317,2016-07-17,2170
1318,2016-07-18,2330
1319,2016-07-19,2839
1320,2016-07-20,2905
1321,2016-07-21,2771
1322,2016-07-22,2425
1323,2016-07-23,1836
1324,2016-07-24,2072
1325,2016-07-25,2604
1326,2016-07-26,2709
1327,2016-07-27,2747
1328,2016-07-28,2674
1329,2016-07-29,2260
1330,2016-07-30,2079
1331,2016-07-31,1345
1332,2016-08-01,2595
1333,2016-08-02,2243
1334,2016-08-03,2828
1335,2016-08-04,2836
1336,2016-08-05,2955
1337,2016-08-06,1805
1338,2016-08-07,2100
1339,2016-08-08,2739
1340,2016-08-09,2802
1341,2016-08-10,2034
1342,2016-08-11,2414
1343,2016-08-12,2208
1344,2016-08-13,2148
1345,2016-08-14,1710
1346,2016-08-15,2418
1347,2016-08-16,2381
1348,2016-08-17,2519
1349,2016-08-18,2457
1350,2016-08-19,2551
1351,2016-08-20,1880
1352,2016-08-21,1886
1353,2016-08-22,2409
1354,2016-08-23,2525
1355,2016-08-24,2480
1356,2016-08-25,2515
1357,2016-08-26,2410
1358,2016-08-27,1906
1359,2016-08-28,2035
1360,2016-08-29,2585
1361,2016-08-30,2847
1362,2016-08-31,2748
1363,2016-09-01,2419
1364,2016-09-02,2723
1365,2016-09-03,2278
1366,2016-09-04,2370
1367,2016-09-05,1710
1368,2016-09-06,2083
1369,2016-09-07,2480
1370,2016-09-08,2798
1371,2016-09-09,2730
1372,2016-09-10,2683
1373,2016-09-11,2165
1374,2016-09-12,2917
1375,2016-09-13,3034
1376,2016-09-14,2859
1377,2016-09-15,3026
1378,2016-09-16,2925
1379,2016-09-17,2473
1380,2016-09-18,1945
1381,2016-09-19,1792
1382,2016-09-20,2863
1383,2016-09-21,2933
1384,2016-09-22,2944
1385,2016-09-23,2846
1386,2016-09-24,2242
1387,2016-09-25,2065
1388,2016-09-26,2777
1389,2016-09-27,2442
1390,2016-09-28,2454
1391,2016-09-29,2575
1392,2016-09-30,2199
1393,2016-10-01,817
1394,2016-10-02,1422
1395,2016-10-03,2678
1396,2016-10-04,2694
1397,2016-10-05,2728
1398,2016-10-06,2759
1399,2016-10-07,2781
1400,2016-10-08,1988
1401,2016-10-09,307
1402,2016-10-10,1867
1403,2016-10-11,2539
1404,2016-10-12,2415
1405,2016-10-13,2492
1406,2016-10-14,2492
1407,2016-10-15,2018
1408,2016-10-16,1907
1409,2016-10-17,2742
1410,2016-10-18,2601
1411,2016-10-19,2838
1412,2016-10-20,2712
1413,2016-10-21,2156
1414,2016-10-22,1279
1415,2016-10-23,1832
1416,2016-10-24,2403
1417,2016-10-25,2096
1418,2016-10-26,2125
1419,2016-10-27,1461
1420,2016-10-28,1537
1421,2016-10-29,1506
1422,2016-10-30,1398
1423,2016-10-31,2115
1424,2016-11-01,2242
1425,2016-11-02,2488
1426,2016-11-03,1985
1427,2016-11-04,2193
1428,2016-11-05,1689
1429,2016-11-06,1358
1430,2016-11-07,1970
1431,2016-11-08,2218
1432,2016-11-09,2125
1433,2016-11-10,2063
1434,2016-11-11,1748
1435,2016-11-12,1410
1436,2016-11-13,1590
1437,2016-11-14,2225
1438,2016-11-15,1208
1439,2016-11-16,2113
1440,2016-11-17,2160
1441,2016-11-18,2249
1442,2016-11-19,1642
1443,2016-11-20,1033
1444,2016-11-21,1452
1445,2016-11-22,1533
1446,2016-11-23,1294
1447,2016-11-24,462
1448,2016-11-25,570
1449,2016-11-26,834
1450,2016-11-27,892
1451,2016-11-28,1614
1452,2016-11-29,1100
1453,2016-11-30,1146
1454,2017-01-01,251
1455,2017-01-02,465
1456,2017-01-03,360
1457,2017-01-04,872
1458,2017-01-05,807
1459,2017-01-06,578
1460,2017-01-07,70
1461,2017-01-08,111
1462,2017-01-09,392
1463,2017-01-10,469
1464,2017-01-11,773
1465,2017-01-12,763
1466,2017-01-13,686
1467,2017-01-14,336
1468,2017-01-15,395
1469,2017-01-16,486
1470,2017-01-17,665
1471,2017-01-18,379
1472,2017-01-19,798
1473,2017-01-20,717
1474,2017-01-21,726
1475,2017-01-22,401
1476,2017-01-23,532
1477,2017-01-24,363
1478,2017-01-25,773
1479,2017-01-26,820
1480,2017-01-27,837
1481,2017-01-28,478
1482,2017-01-29,518
1483,2017-01-30,763
1484,2017-01-31,597
1485,2017-02-01,690
1486,2017-02-02,775
1487,2017-02-03,723
1488,2017-02-04,427
1489,2017-02-05,416
1490,2017-02-06,771
1491,2017-02-07,409
1492,2017-02-08,807
1493,2017-02-09,84
1494,2017-02-10,142
1495,2017-02-11,188
1496,2017-02-12,63
1497,2017-02-13,38
1498,2017-02-14,530
1499,2017-02-15,591
1500,2017-02-16,607
1501,2017-02-17,673
1502,2017-02-18,497
1503,2017-02-19,613
1504,2017-02-20,635
1505,2017-02-21,784
1506,2017-02-22,983
1507,2017-02-23,1094
1508,2017-02-24,1143
1509,2017-02-25,909
1510,2017-02-26,596
1511,2017-02-27,947
1512,2017-02-28,1086
1513,2017-03-01,1097
1514,2017-03-02,974
1515,2017-03-03,810
1516,2017-03-04,324
1517,2017-03-05,368
1518,2017-03-06,918
1519,2017-03-07,841
1520,2017-03-08,1149
1521,2017-03-09,1130
1522,2017-03-10,518
1523,2017-03-11,273
1524,2017-03-12,297
1525,2017-03-13,784
1526,2017-03-14,50
1527,2017-03-15,139
1528,2017-03-16,687
1529,2017-03-17,793
1530,2017-03-18,527
1531,2017-03-19,419
1532,2017-03-20,1125
1533,2017-03-21,1297
1534,2017-03-22,959
1535,2017-03-23,926
1536,2017-03-24,941
1537,2017-03-25,497
1538,2017-03-26,605
1539,2017-03-27,636
1540,2017-03-28,794
1541,2017-03-29,1002
1542,2017-03-30,1213
1543,2017-03-31,543
1544,2017-04-01,165
1545,2017-04-02,870
1546,2017-04-03,1689
1547,2017-04-04,410
1548,2017-04-05,1360
1549,2017-04-06,659
1550,2017-04-07,1488
1551,2017-04-08,986
1552,2017-04-09,1883
1553,2017-04-10,2265
1554,2017-04-11,2521
1555,2017-04-12,2139
1556,2017-04-13,2200
1557,2017-04-14,2359
1558,2017-04-15,2091
1559,2017-04-16,2179
1560,2017-04-17,2146
1561,2017-04-18,2081
1562,2017-04-19,1814
1563,2017-04-20,1973
1564,2017-04-21,653
1565,2017-04-22,1048
1566,2017-04-23,1936
1567,2017-04-24,2354
1568,2017-04-25,1079
1569,2017-04-26,1176
1570,2017-04-27,2335
1571,2017-04-28,2611
1572,2017-04-29,2479
1573,2017-04-30,1278
1574,2017-05-01,1958
1575,2017-05-02,2118
1576,2017-05-03,2373
1577,2017-05-04,2491
1578,2017-05-05,1116
1579,2017-05-06,1229
1580,2017-05-07,1803
1581,2017-05-08,2030
1582,2017-05-09,2193
1583,2017-05-10,2351
1584,2017-05-11,2348
1585,2017-05-12,1976
1586,2017-05-13,1410
1587,2017-05-14,487
1588,2017-05-15,1724
1589,2017-05-16,2694
1590,2017-05-17,2676
1591,2017-05-18,2531
1592,2017-05-19,2466
1593,2017-05-20,2134
1594,2017-05-21,1976
1595,2017-05-22,1457
1596,2017-05-23,2411
1597,2017-05-24,2610
1598,2017-05-25,996
1599,2017-05-26,1508
1600,2017-05-27,1830
1601,2017-05-28,2072
1602,2017-05-29,751
1603,2017-05-30,2210
1604,2017-05-31,2360
1605,2017-06-01,2459
1606,2017-06-02,2492
1607,2017-06-03,1738
1608,2017-06-04,1707
1609,2017-06-05,1271
1610,2017-06-06,841
1611,2017-06-07,2560
1612,2017-06-08,2818
1613,2017-06-09,2841
1614,2017-06-10,2398
1615,2017-06-11,2205
1616,2017-06-12,2638
1617,2017-06-13,2586
1618,2017-06-14,2844
1619,2017-06-15,2961
1620,2017-06-16,1740
1621,2017-06-17,1855
1622,2017-06-18,2068
1623,2017-06-19,2647
1624,2017-06-20,2698
1625,2017-06-21,2897
1626,2017-06-22,2997
1627,2017-06-23,2857
1628,2017-06-24,2187
1629,2017-06-25,2291
1630,2017-06-26,2922
1631,2017-06-27,2537
1632,2017-06-28,3144
1633,2017-06-29,3152
1634,2017-06-30,2622
1635,2017-07-01,2100
1636,2017-07-02,2192
1637,2017-07-03,2568
1638,2017-07-04,2646
1639,2017-07-05,2903
1640,2017-07-06,2987
1641,2017-07-07,1933
1642,2017-07-08,1847
1643,2017-07-09,2441
1644,2017-07-10,2928
1645,2017-07-11,2412
1646,2017-07-12,2451
1647,2017-07-13,2354
1648,2017-07-14,2773
1649,2017-07-15,2469
1650,2017-07-16,2349
1651,2017-07-17,2964
1652,2017-07-18,2818
1653,2017-07-19,2902
1654,2017-07-20,2953
1655,2017-07-21,2994
1656,2017-07-22,2495
1657,2017-07-23,2537
1658,2017-07-24,969
1659,2017-07-25,2715
1660,2017-07-26,3254
1661,2017-07-27,2427
1662,2017-07-28,3184
1663,2017-07-29,2474
1664,2017-07-30,2524
1665,2017-07-31,3043
1666,2017-08-01,3207
1667,2017-08-02,2361
1668,2017-08-03,3134
1669,2017-08-04,3016
1670,2017-08-05,1816
1671,2017-08-06,2344
1672,2017-08-07,2831
1673,2017-08-08,3004
1674,2017-08-09,3163
1675,2017-08-10,3147
1676,2017-08-11,3026
1677,2017-08-12,2172
1678,2017-08-13,2445
1679,2017-08-14,3077
1680,2017-08-15,3029
1681,2017-08-16,2943
1682,2017-08-17,3013
1683,2017-08-18,2444
1684,2017-08-19,2455
1685,2017-08-20,2172
1686,2017-08-21,2770
1687,2017-08-22,2593
1688,2017-08-23,2737
1689,2017-08-24,2876
1690,2017-08-25,2837
1691,2017-08-26,2424
1692,2017-08-27,2306
1693,2017-08-28,2863
1694,2017-08-29,2898
1695,2017-08-30,2785
1696,2017-08-31,2995
1697,2017-09-01,2795
1698,2017-09-02,2011
1699,2017-09-03,687
1700,2017-09-04,2324
1701,2017-09-05,2988
1702,2017-09-06,2519
1703,2017-09-07,3183
1704,2017-09-08,3145
1705,2017-09-09,2400
1706,2017-09-10,2291
1707,2017-09-11,3158
1708,2017-09-12,3274
1709,2017-09-13,3401
1710,2017-09-14,3057
1711,2017-09-15,2803
1712,2017-09-16,2432
1713,2017-09-17,2349
1714,2017-09-18,2878
1715,2017-09-19,2562
1716,2017-09-20,1826
1717,2017-09-21,2911
1718,2017-09-22,2063
1719,2017-09-23,2417
1720,2017-09-24,2559
1721,2017-09-25,3046
1722,2017-09-26,3058
1723,2017-09-27,3139
1724,2017-09-28,3230
1725,2017-09-29,3209
1726,2017-09-30,1145
1727,2017-10-01,2312
1728,2017-10-02,2914
1729,2017-10-03,3114
1730,2017-10-04,3165
1731,2017-10-05,3119
1732,2017-10-06,2973
1733,2017-10-07,2306
1734,2017-10-08,1751
1735,2017-10-09,1446
1736,2017-10-10,3143
1737,2017-10-11,3189
1738,2017-10-12,3083
1739,2017-10-13,2920
1740,2017-10-14,1840
1741,2017-10-15,2216
1742,2017-10-16,2711
1743,2017-10-17,2746
1744,2017-10-18,3201
1745,2017-10-19,3267
1746,2017-10-20,3261
1747,2017-10-21,3120
1748,2017-10-22,2946
1749,2017-10-23,3012
1750,2017-10-24,2776
1751,2017-10-25,1719
1752,2017-10-26,1900
1753,2017-10-27,2642
1754,2017-10-28,2257
1755,2017-10-29,1216
1756,2017-10-30,2328
1757,2017-10-31,2701
1758,2017-11-01,2719
1759,2017-11-02,2962
1760,2017-11-03,2825
1761,2017-11-04,2257
1762,2017-11-05,1999
1763,2017-11-06,2271
1764,2017-11-07,2270
1765,2017-11-08,2305
1766,2017-11-09,2413
1767,2017-11-10,1456
1768,2017-11-11,1046
1769,2017-11-12,1243
1770,2017-11-13,1501
1771,2017-11-14,2094
1772,2017-11-15,2259
1773,2017-11-16,1701
1774,2017-11-17,2074
1775,2017-11-18,1210
1776,2017-11-19,1015
1777,2017-11-20,1877
1778,2017-11-21,2277
1779,2017-11-22,690
1780,2017-11-23,611
1781,2017-11-24,961
1782,2017-11-25,1258
1783,2017-11-26,862
1784,2017-11-27,1808
1785,2017-11-28,1823
1786,2017-11-29,2193
1787,2017-11-30,1920
1788,2017-12-01,1965
1789,2017-12-02,1203
1790,2017-12-03,1092
1791,2017-12-04,1888
1792,2017-12-05,1692
1793,2017-12-06,1963
1794,2017-12-07,1886
1795,2017-12-08,1805
1796,2017-12-09,393
1797,2017-12-10,515
1798,2017-12-11,1462
1799,2017-12-12,1480
1800,2017-12-13,1223
1801,2017-12-14,1202
1802,2017-12-15,1236
1803,2017-12-16,671
1804,2017-12-17,542
1805,2017-12-18,1198
1806,2017-12-19,1459
1807,2017-12-20,1375
1808,2017-12-21,1126
1809,2017-12-22,652
1810,2017-12-23,115
1811,2017-12-24,244
1812,2017-12-25,63
1813,2017-12-26,173
1814,2017-12-27,230
1815,2017-12-28,210
1816,2017-12-29,206
1817,2017-12-30,152
1818,2017-12-31,100
